state,year,statename_fixed,total_cases,fatalities,marijuana,alcohol,poly_drug
1,2000,Alabama,50,50,0,.12,0
1,2001,Alabama,37,37,0,.081081077,0
1,2002,Alabama,41,41,0,.097560972,0
1,2003,Alabama,46,46,0,.086956523,0
1,2004,Alabama,85,85,0,.094117649,.011764706
1,2005,Alabama,74,74,.027027028,.10810811,.027027028
1,2006,Alabama,102,102,0,.15686275,0
1,2007,Alabama,56,56,0,.14285715,0
1,2008,Alabama,40,40,0,.125,0
1,2009,Alabama,35,35,.028571429,.17142858,.028571429
1,2010,Alabama,32,32,.03125,.0625,.03125
1,2011,Alabama,30,30,0,.1,0
1,2012,Alabama,16,16,0,.0625,0
1,2013,Alabama,27,27,.037037037,.11111111,.074074075
1,2014,Alabama,41,41,.048780486,.097560972,.073170729
1,2015,Alabama,38,38,.10526316,.10526316,.10526316
1,2016,Alabama,49,49,.040816326,.10204082,.040816326
1,2017,Alabama,28,28,.035714287,.17857143,.10714286
1,2018,Alabama,38,38,.078947365,.078947365,.078947365
1,2019,Alabama,38,38,.02631579,.078947365,.052631579
1,2020,Alabama,34,34,.05882353,.05882353,.14705883
1,2021,Alabama,41,41,.024390243,0,.048780486
1,2022,Alabama,31,31,0,.032258064,.12903225
1,2023,Alabama,33,33,0,.060606062,.15151516
1,2024,Alabama,39,39,0,.1025641,.051282052
2,2000,Alaska,9,9,0,.33333334,0
2,2001,Alaska,6,6,.16666667,.33333334,0
2,2002,Alaska,7,7,0,.2857143,0
2,2003,Alaska,4,4,0,.5,0
2,2004,Alaska,18,18,0,.11111111,0
2,2005,Alaska,3,3,0,.33333334,0
2,2006,Alaska,3,3,.33333334,.33333334,0
2,2007,Alaska,4,4,0,.25,0
2,2008,Alaska,2,2,0,.5,0
2,2009,Alaska,2,2,.5,0,0
2,2010,Alaska,2,2,0,.5,0
2,2011,Alaska,4,4,0,.25,0
2,2012,Alaska,2,2,0,0,0
2,2013,Alaska,2,2,0,0,0
2,2014,Alaska,2,2,0,0,0
2,2015,Alaska,1,1,1,0,1
2,2016,Alaska,4,4,.25,.25,.25
2,2017,Alaska,3,3,0,.33333334,0
2,2018,Alaska,2,2,.5,.5,.5
2,2019,Alaska,3,3,0,.33333334,0
2,2020,Alaska,1,1,0,0,0
2,2021,Alaska,4,4,.5,.25,.75
2,2022,Alaska,3,3,0,0,0
2,2023,Alaska,1,1,0,1,0
2,2024,Alaska,5,5,0,.2,0
4,2000,Arizona,47,47,0,.17021276,.04255319
4,2001,Arizona,44,44,0,.11363637,.022727273
4,2002,Arizona,54,54,.018518519,.12962963,.037037037
4,2003,Arizona,48,48,0,.10416666,.083333336
4,2004,Arizona,50,50,0,.059999999,.039999999
4,2005,Arizona,62,62,.032258064,.080645159,.064516127
4,2006,Arizona,73,73,.01369863,.02739726,.01369863
4,2007,Arizona,43,43,0,.11627907,.023255814
4,2008,Arizona,44,44,.022727273,.11363637,.06818182
4,2009,Arizona,32,32,0,.09375,.03125
4,2010,Arizona,26,26,0,.15384616,0
4,2011,Arizona,31,31,.032258064,.096774191,.064516127
4,2012,Arizona,36,36,.027777778,.083333336,.027777778
4,2013,Arizona,31,31,.032258064,.12903225,.032258064
4,2014,Arizona,18,18,0,0,0
4,2015,Arizona,31,31,.064516127,.096774191,.096774191
4,2016,Arizona,34,34,0,.05882353,.11764706
4,2017,Arizona,48,48,0,.10416666,.083333336
4,2018,Arizona,34,34,.088235296,.088235296,.17647059
4,2019,Arizona,41,41,0,.097560972,0
4,2020,Arizona,31,31,.032258064,.064516127,.032258064
4,2021,Arizona,62,62,.032258064,.064516127,.064516127
4,2022,Arizona,104,104,0,.028846154,.067307696
4,2023,Arizona,143,143,0,.07692308,.11188811
4,2024,Arizona,82,82,0,.1097561,.21951219
5,2000,Arkansas,32,32,0,.25,0
5,2001,Arkansas,22,22,0,.090909094,0
5,2002,Arkansas,27,27,0,.074074075,0
5,2003,Arkansas,31,31,0,.032258064,0
5,2004,Arkansas,35,35,0,.085714288,.028571429
5,2005,Arkansas,29,29,0,.20689656,.034482758
5,2006,Arkansas,29,29,0,.13793103,0
5,2007,Arkansas,17,17,0,.05882353,.05882353
5,2008,Arkansas,28,28,0,.17857143,.035714287
5,2009,Arkansas,21,21,0,.047619049,.095238097
5,2010,Arkansas,22,22,.13636364,.045454547,.090909094
5,2011,Arkansas,20,20,.15000001,.1,.1
5,2012,Arkansas,23,23,.043478262,.13043478,.043478262
5,2013,Arkansas,17,17,.11764706,.05882353,.11764706
5,2014,Arkansas,17,17,.29411766,0,.23529412
5,2015,Arkansas,24,24,.16666667,.041666668,.041666668
5,2016,Arkansas,17,17,.17647059,.11764706,.11764706
5,2017,Arkansas,22,22,.18181819,.045454547,.13636364
5,2018,Arkansas,12,12,0,.16666667,0
5,2019,Arkansas,28,28,.21428572,.14285715,.10714286
5,2020,Arkansas,45,45,.13333334,.088888891,.15555556
5,2021,Arkansas,54,54,.14814815,.18518518,.14814815
5,2022,Arkansas,34,34,0,.029411765,.2647059
5,2023,Arkansas,14,14,0,0,.14285715
5,2024,Arkansas,19,19,0,.10526316,.21052632
6,2000,California,145,145,0,.068965517,.034482758
6,2001,California,171,171,.01754386,.11695907,.03508772
6,2002,California,156,156,.025641026,.089743592,.03846154
6,2003,California,202,202,.034653466,.10891089,.049504951
6,2004,California,166,166,.030120483,.11445783,.084337346
6,2005,California,220,220,.0045454544,.07272727,.040909089
6,2006,California,207,207,.028985508,.10628019,.048309177
6,2007,California,173,173,.046242774,.12716763,.028901733
6,2008,California,143,143,.090909094,.13986014,.07692308
6,2009,California,123,123,.024390243,.097560972,.048780486
6,2010,California,107,107,.028037382,.11214953,.046728972
6,2011,California,122,122,.065573767,.14754099,.073770493
6,2012,California,106,106,.075471699,.10377359,.047169812
6,2013,California,115,115,.043478262,.11304348,.060869563
6,2014,California,101,101,.07920792,.13861386,.049504951
6,2015,California,128,128,.078125,.078125,.0703125
6,2016,California,169,169,.13017751,.10059172,.14201184
6,2017,California,167,167,.095808387,.11377245,.14371258
6,2018,California,136,136,.080882356,.05882353,.11029412
6,2019,California,132,132,.06818182,.090909094,.098484851
6,2020,California,157,157,.14649682,.095541403,.15286624
6,2021,California,359,359,.089136489,.097493038,.1253482
6,2022,California,422,422,0,.11137441,.1042654
6,2023,California,199,199,0,.085427135,.15075377
6,2024,California,147,147,0,.10884354,.12244898
8,2000,Colorado,34,34,.029411765,.11764706,.029411765
8,2001,Colorado,24,24,0,.16666667,0
8,2002,Colorado,50,50,.039999999,.2,.02
8,2003,Colorado,36,36,.055555556,.30555555,.027777778
8,2004,Colorado,30,30,0,.13333334,0
8,2005,Colorado,19,19,0,.15789473,.052631579
8,2006,Colorado,15,15,0,.33333334,0
8,2007,Colorado,31,31,.064516127,.25806451,.064516127
8,2008,Colorado,24,24,0,.041666668,0
8,2009,Colorado,18,18,.055555556,.3888889,0
8,2010,Colorado,12,12,0,.16666667,0
8,2011,Colorado,13,13,.07692308,.30769232,.15384616
8,2012,Colorado,15,15,0,.06666667,.06666667
8,2013,Colorado,20,20,0,.15000001,0
8,2014,Colorado,21,21,0,.2857143,.047619049
8,2015,Colorado,22,22,0,.18181819,.18181819
8,2016,Colorado,20,20,.1,.050000001,.2
8,2017,Colorado,30,30,.06666667,.13333334,.033333335
8,2018,Colorado,32,32,.09375,.15625,.0625
8,2019,Colorado,26,26,.23076923,.15384616,.07692308
8,2020,Colorado,23,23,.17391305,.17391305,.30434781
8,2021,Colorado,36,36,.083333336,.1388889,.11111111
8,2022,Colorado,67,67,0,.20895523,.17910448
8,2023,Colorado,41,41,0,.097560972,.12195122
8,2024,Colorado,43,43,0,.20930232,.20930232
9,2000,Connecticut,20,20,0,0,.050000001
9,2001,Connecticut,8,8,.125,.125,0
9,2002,Connecticut,13,13,0,.07692308,0
9,2003,Connecticut,15,15,0,.13333334,0
9,2004,Connecticut,13,13,0,.15384616,0
9,2005,Connecticut,12,12,0,.25,0
9,2006,Connecticut,13,13,0,0,0
9,2007,Connecticut,14,14,0,.21428572,0
9,2008,Connecticut,10,10,0,0,0
9,2009,Connecticut,10,10,0,0,0
9,2010,Connecticut,18,18,0,.055555556,0
9,2011,Connecticut,8,8,0,0,0
9,2012,Connecticut,10,10,0,.1,0
9,2013,Connecticut,10,10,0,.5,.1
9,2014,Connecticut,19,19,0,.10526316,.052631579
9,2015,Connecticut,6,6,0,.16666667,0
9,2016,Connecticut,20,20,.050000001,.050000001,.1
9,2017,Connecticut,5,5,0,0,0
9,2018,Connecticut,14,14,.14285715,0,.21428572
9,2019,Connecticut,12,12,.16666667,.16666667,.25
9,2020,Connecticut,12,12,0,.33333334,0
9,2021,Connecticut,12,12,.16666667,0,.25
9,2022,Connecticut,52,52,0,.096153848,.096153848
9,2023,Connecticut,13,13,0,.23076923,.38461539
9,2024,Connecticut,12,12,0,0,.5
10,2000,Delaware,6,6,0,.16666667,0
10,2001,Delaware,8,8,0,0,0
10,2002,Delaware,6,6,0,0,0
10,2003,Delaware,11,11,0,.27272728,0
10,2004,Delaware,6,6,0,0,0
10,2005,Delaware,9,9,0,.22222222,0
10,2006,Delaware,8,8,0,.25,0
10,2007,Delaware,8,8,0,.25,0
10,2008,Delaware,5,5,0,.60000002,0
10,2009,Delaware,1,1,0,0,0
10,2010,Delaware,3,3,0,.33333334,0
10,2011,Delaware,2,2,0,.5,0
10,2012,Delaware,4,4,.25,.25,.25
10,2013,Delaware,3,3,0,.33333334,0
10,2014,Delaware,4,4,.5,.5,0
10,2015,Delaware,4,4,0,.25,0
10,2016,Delaware,2,2,0,0,0
10,2017,Delaware,1,1,0,0,0
10,2018,Delaware,6,6,.16666667,.16666667,.16666667
10,2019,Delaware,3,3,0,0,.33333334
10,2020,Delaware,1,1,0,0,0
10,2021,Delaware,9,9,.22222222,.11111111,.22222222
10,2022,Delaware,21,21,0,.095238097,.047619049
10,2023,Delaware,4,4,0,0,0
10,2024,Delaware,11,11,0,.090909094,.18181819
11,2000,,3,3,0,0,0
11,2001,,14,14,0,.071428575,0
11,2002,,4,4,0,0,0
11,2003,,10,10,0,0,0
11,2004,,6,6,0,.16666667,.16666667
11,2005,,1,1,0,0,0
11,2007,,2,2,0,0,0
11,2008,,2,2,0,0,0
11,2009,,2,2,0,0,0
11,2012,,2,2,.5,0,0
11,2013,,3,3,0,0,0
11,2015,District of Columbia,2,2,0,0,0
11,2016,District of Columbia,1,1,0,0,0
11,2019,District of Columbia,2,2,0,0,0
11,2020,District of Columbia,4,4,.25,.25,.25
11,2021,District of Columbia,1,1,0,0,0
11,2022,District of Columbia,1,1,0,0,0
11,2024,District of Columbia,5,5,0,.2,0
12,2000,Florida,127,127,.023622047,.023622047,.0078740157
12,2001,Florida,117,117,.008547009,.05982906,.034188036
12,2002,Florida,142,142,0,.1056338,0
12,2003,Florida,133,133,0,.045112781,.0075187972
12,2004,Florida,142,142,.02112676,.04225352,.0070422534
12,2005,Florida,167,167,.029940119,.11377245,.011976048
12,2006,Florida,178,178,.028089888,.10112359,.016853932
12,2007,Florida,143,143,.027972028,.090909094,.027972028
12,2008,Florida,100,100,.029999999,.15000001,.029999999
12,2009,Florida,106,106,.028301887,.16037735,.03773585
12,2010,Florida,94,94,0,.12765957,0
12,2011,Florida,101,101,.069306932,.089108914,.03960396
12,2012,Florida,91,91,.010989011,.10989011,.043956045
12,2013,Florida,89,89,.044943821,.11235955,.033707865
12,2014,Florida,86,86,.023255814,.11627907,.069767445
12,2015,Florida,107,107,.0093457941,.084112152,.0093457941
12,2016,Florida,157,157,.031847134,.057324842,.025477707
12,2017,Florida,131,131,.038167939,.083969466,.045801528
12,2018,Florida,126,126,.047619049,.14285715,.039682541
12,2019,Florida,141,141,.021276595,.11347517,.035460994
12,2020,Florida,195,195,.051282052,.087179489,.035897437
12,2021,Florida,375,375,.032000002,.10133334,.024
12,2022,Florida,249,249,0,.052208837,.040160641
12,2023,Florida,199,199,0,.055276383,.020100502
12,2024,Florida,143,143,0,.041958041,.027972028
13,2000,Georgia,54,54,0,.037037037,.037037037
13,2001,Georgia,68,68,.029411765,.073529415,0
13,2002,Georgia,64,64,.03125,.078125,.03125
13,2003,Georgia,73,73,0,.01369863,.08219178
13,2004,Georgia,70,70,.014285714,.042857144,.028571429
13,2005,Georgia,78,78,0,.07692308,.025641026
13,2006,Georgia,100,100,.0099999998,.050000001,.02
13,2007,Georgia,65,65,0,.015384615,0
13,2008,Georgia,75,75,.039999999,.026666667,.026666667
13,2009,Georgia,48,48,0,.0625,.020833334
13,2010,Georgia,44,44,.045454547,.090909094,.045454547
13,2011,Georgia,34,34,.029411765,.05882353,0
13,2012,Georgia,48,48,.0625,.125,.020833334
13,2013,Georgia,50,50,.039999999,.059999999,.059999999
13,2014,Georgia,53,53,.075471699,.056603774,.075471699
13,2015,Georgia,50,50,.02,.059999999,.079999998
13,2016,Georgia,70,70,.057142857,.11428571,.11428571
13,2017,Georgia,78,78,.025641026,.064102568,.051282052
13,2018,Georgia,57,57,.03508772,.03508772,.052631579
13,2019,Georgia,51,51,.078431375,.019607844,.05882353
13,2020,Georgia,88,88,.06818182,.06818182,.045454547
13,2021,Georgia,180,180,.03888889,.03888889,.050000001
13,2022,Georgia,171,171,0,.052631579,.040935673
13,2023,Georgia,66,66,0,.045454547,.060606062
13,2024,Georgia,42,42,0,.047619049,.095238097
15,2000,Hawaii,4,4,0,0,0
15,2001,Hawaii,11,11,.27272728,.090909094,0
15,2002,Hawaii,5,5,0,.2,0
15,2003,Hawaii,10,10,0,0,.1
15,2004,Hawaii,11,11,.090909094,.18181819,0
15,2005,Hawaii,6,6,0,.16666667,0
15,2006,Hawaii,24,24,.125,.125,.083333336
15,2007,Hawaii,10,10,.2,.1,.1
15,2008,Hawaii,2,2,.5,.5,0
15,2009,Hawaii,5,5,.2,.2,.2
15,2010,Hawaii,2,2,0,0,0
15,2011,Hawaii,2,2,0,0,0
15,2012,Hawaii,7,7,.2857143,.14285715,0
15,2013,Hawaii,3,3,0,0,.33333334
15,2014,Hawaii,1,1,0,0,0
15,2015,Hawaii,5,5,.2,.40000001,0
15,2016,Hawaii,6,6,.16666667,0,0
15,2017,Hawaii,3,3,0,0,0
15,2018,Hawaii,3,3,0,0,.33333334
15,2019,Hawaii,3,3,0,.33333334,0
15,2020,Hawaii,2,2,.5,0,.5
15,2021,Hawaii,8,8,.25,.25,.125
15,2022,Hawaii,6,6,0,.5,.16666667
15,2023,Hawaii,2,2,0,0,.5
15,2024,Hawaii,5,5,0,.2,0
16,2000,Idaho,7,7,0,0,0
16,2001,Idaho,9,9,0,.22222222,0
16,2002,Idaho,11,11,0,0,0
16,2003,Idaho,19,19,0,.21052632,0
16,2004,Idaho,13,13,.07692308,.30769232,.07692308
16,2005,Idaho,17,17,0,.11764706,0
16,2006,Idaho,12,12,.16666667,.25,0
16,2007,Idaho,11,11,0,.090909094,0
16,2008,Idaho,9,9,0,0,0
16,2009,Idaho,7,7,0,0,0
16,2010,Idaho,9,9,.11111111,.11111111,0
16,2011,Idaho,6,6,0,.16666667,0
16,2012,Idaho,4,4,0,.25,0
16,2013,Idaho,8,8,0,.125,0
16,2014,Idaho,10,10,.1,.1,.1
16,2015,Idaho,4,4,0,.5,0
16,2016,Idaho,11,11,0,.090909094,0
16,2017,Idaho,12,12,.083333336,.083333336,.083333336
16,2018,Idaho,10,10,.1,.2,0
16,2019,Idaho,8,8,.125,.125,0
16,2020,Idaho,11,11,.090909094,0,0
16,2021,Idaho,18,18,.055555556,.22222222,.055555556
16,2022,Idaho,4,4,0,.25,.25
16,2023,Idaho,20,20,0,.1,.1
16,2024,Idaho,11,11,0,.27272728,.27272728
17,2000,Illinois,65,65,.015384615,.13846155,.015384615
17,2001,Illinois,89,89,.033707865,.11235955,.033707865
17,2002,Illinois,80,80,.0125,.1,.025
17,2003,Illinois,98,98,.05102041,.10204082,.06122449
17,2004,Illinois,56,56,.053571429,.125,.035714287
17,2005,Illinois,84,84,.035714287,.13095239,.011904762
17,2006,Illinois,48,48,.020833334,.083333336,.020833334
17,2007,Illinois,50,50,.039999999,.2,0
17,2008,Illinois,44,44,0,.11363637,.022727273
17,2009,Illinois,27,27,.037037037,.11111111,0
17,2010,Illinois,33,33,0,.15151516,.060606062
17,2011,Illinois,36,36,.027777778,.083333336,.055555556
17,2012,Illinois,41,41,.097560972,.12195122,.048780486
17,2013,Illinois,39,39,.051282052,.12820514,.051282052
17,2014,Illinois,38,38,.052631579,.21052632,.052631579
17,2015,Illinois,37,37,.054054055,.081081077,.10810811
17,2016,Illinois,57,57,.03508772,.14035088,.087719299
17,2017,Illinois,43,43,.11627907,.069767445,.11627907
17,2018,Illinois,42,42,.071428575,.047619049,.16666667
17,2019,Illinois,29,29,0,.034482758,.034482758
17,2020,Illinois,59,59,.084745765,.11864407,.13559322
17,2021,Illinois,62,62,.11290322,.032258064,.11290322
17,2022,Illinois,57,57,0,.087719299,.10526316
17,2023,Illinois,60,60,0,.083333336,.1
17,2024,Illinois,42,42,0,.095238097,.21428572
18,2000,Indiana,24,24,0,.125,0
18,2001,Indiana,42,42,0,.19047619,0
18,2002,Indiana,19,19,.052631579,.15789473,.052631579
18,2003,Indiana,45,45,.088888891,.088888891,0
18,2004,Indiana,46,46,.021739131,.043478262,.021739131
18,2005,Indiana,53,53,.03773585,.094339624,.03773585
18,2006,Indiana,37,37,.027027028,.081081077,0
18,2007,Indiana,41,41,.097560972,.048780486,.048780486
18,2008,Indiana,29,29,0,0,0
18,2009,Indiana,19,19,.10526316,.15789473,.15789473
18,2010,Indiana,32,32,0,.0625,0
18,2011,Indiana,21,21,.095238097,.19047619,.047619049
18,2012,Indiana,34,34,.11764706,.088235296,.029411765
18,2013,Indiana,31,31,0,.032258064,0
18,2014,Indiana,27,27,0,.11111111,0
18,2015,Indiana,29,29,.10344828,.10344828,.034482758
18,2016,Indiana,37,37,.054054055,.081081077,0
18,2017,Indiana,46,46,0,.086956523,0
18,2018,Indiana,37,37,.027027028,.10810811,.027027028
18,2019,Indiana,31,31,0,.096774191,0
18,2020,Indiana,33,33,.030303031,.030303031,0
18,2021,Indiana,44,44,.06818182,.022727273,.045454547
18,2022,Indiana,97,97,0,.13402061,.082474224
18,2023,Indiana,46,46,0,.021739131,.021739131
18,2024,Indiana,33,33,0,.060606062,.15151516
19,2000,Iowa,30,30,0,.06666667,0
19,2001,Iowa,21,21,0,.047619049,0
19,2002,Iowa,14,14,0,0,0
19,2003,Iowa,19,19,0,.052631579,0
19,2004,Iowa,18,18,0,.055555556,.055555556
19,2005,Iowa,27,27,0,.18518518,0
19,2006,Iowa,24,24,0,.083333336,0
19,2007,Iowa,17,17,0,.17647059,0
19,2008,Iowa,27,27,0,.074074075,0
19,2009,Iowa,16,16,0,.0625,0
19,2010,Iowa,11,11,0,0,0
19,2011,Iowa,17,17,.05882353,.05882353,.05882353
19,2012,Iowa,11,11,0,.27272728,0
19,2013,Iowa,13,13,0,.15384616,0
19,2014,Iowa,20,20,0,.15000001,0
19,2015,Iowa,12,12,0,0,0
19,2016,Iowa,22,22,.090909094,0,0
19,2017,Iowa,13,13,.07692308,.07692308,0
19,2018,Iowa,13,13,.07692308,.23076923,0
19,2019,Iowa,6,6,0,0,0
19,2020,Iowa,8,8,0,.125,0
19,2021,Iowa,10,10,0,.1,0
19,2022,Iowa,14,14,0,.14285715,.071428575
19,2023,Iowa,12,12,0,.083333336,0
19,2024,Iowa,11,11,0,.090909094,0
20,2000,Kansas,18,18,.11111111,.11111111,0
20,2001,Kansas,21,21,0,.047619049,0
20,2002,Kansas,43,43,0,.1627907,0
20,2003,Kansas,24,24,0,.125,0
20,2004,Kansas,15,15,.06666667,.06666667,0
20,2005,Kansas,17,17,0,.17647059,0
20,2006,Kansas,27,27,0,.11111111,0
20,2007,Kansas,17,17,0,.05882353,0
20,2008,Kansas,13,13,0,.15384616,0
20,2009,Kansas,15,15,0,.13333334,.06666667
20,2010,Kansas,17,17,0,.17647059,0
20,2011,Kansas,21,21,0,.14285715,0
20,2012,Kansas,21,21,0,.19047619,0
20,2013,Kansas,10,10,.1,.1,.2
20,2014,Kansas,18,18,0,.27777779,0
20,2015,Kansas,12,12,0,.083333336,0
20,2016,Kansas,11,11,0,.090909094,0
20,2017,Kansas,18,18,0,.11111111,0
20,2018,Kansas,10,10,0,.1,0
20,2019,Kansas,17,17,0,.17647059,0
20,2020,Kansas,17,17,0,.05882353,0
20,2021,Kansas,23,23,0,.13043478,.043478262
20,2022,Kansas,25,25,0,.12,.079999998
20,2023,Kansas,12,12,0,.16666667,.16666667
20,2024,Kansas,12,12,0,.083333336,.16666667
21,2000,Kentucky,36,36,.027777778,.083333336,.027777778
21,2001,Kentucky,37,37,0,.027027028,0
21,2002,Kentucky,43,43,0,.11627907,.023255814
21,2003,Kentucky,52,52,.01923077,.096153848,.01923077
21,2004,Kentucky,65,65,.015384615,.12307692,.030769231
21,2005,Kentucky,94,94,0,.12765957,.05319149
21,2006,Kentucky,51,51,0,.11764706,.019607844
21,2007,Kentucky,37,37,.027027028,.081081077,.027027028
21,2008,Kentucky,30,30,.06666667,.23333333,.1
21,2009,Kentucky,29,29,.13793103,.10344828,.13793103
21,2010,Kentucky,22,22,.045454547,.13636364,.13636364
21,2011,Kentucky,22,22,0,.090909094,.045454547
21,2012,Kentucky,29,29,.034482758,.13793103,.10344828
21,2013,Kentucky,19,19,0,.052631579,.10526316
21,2014,Kentucky,26,26,.07692308,.15384616,.03846154
21,2015,Kentucky,18,18,.055555556,.055555556,.055555556
21,2016,Kentucky,39,39,.1025641,.17948718,.1025641
21,2017,Kentucky,29,29,.10344828,.034482758,.1724138
21,2018,Kentucky,26,26,.07692308,.07692308,.11538462
21,2019,Kentucky,20,20,0,.1,.15000001
21,2020,Kentucky,31,31,.096774191,.16129032,.19354838
21,2021,Kentucky,24,24,.083333336,.083333336,.29166666
21,2022,Kentucky,37,37,0,.10810811,.10810811
21,2023,Kentucky,40,40,0,.075000003,.375
21,2024,Kentucky,29,29,0,.10344828,.31034482
22,2000,Louisiana,47,47,0,.063829787,0
22,2001,Louisiana,49,49,0,.081632651,0
22,2002,Louisiana,48,48,0,.125,0
22,2003,Louisiana,48,48,0,.125,0
22,2004,Louisiana,39,39,0,.051282052,.025641026
22,2005,Louisiana,56,56,0,.125,.035714287
22,2006,Louisiana,134,134,0,.14179105,.0074626864
22,2007,Louisiana,54,54,.018518519,.16666667,.018518519
22,2008,Louisiana,29,29,0,.13793103,0
22,2009,Louisiana,28,28,0,.14285715,0
22,2010,Louisiana,28,28,0,.071428575,0
22,2011,Louisiana,24,24,.041666668,.25,0
22,2012,Louisiana,32,32,.03125,.15625,.03125
22,2013,Louisiana,30,30,0,.06666667,.033333335
22,2014,Louisiana,18,18,0,.16666667,0
22,2015,Louisiana,30,30,.033333335,.06666667,.033333335
22,2016,Louisiana,35,35,.085714288,.11428571,.14285715
22,2017,Louisiana,23,23,.086956523,.043478262,.17391305
22,2018,Louisiana,29,29,0,0,.034482758
22,2019,Louisiana,22,22,0,.090909094,0
22,2020,Louisiana,30,30,.1,.30000001,.13333334
22,2021,Louisiana,62,62,.17741935,.14516129,.20967741
22,2022,Louisiana,43,43,0,.11627907,.1627907
22,2023,Louisiana,33,33,0,.21212122,.27272728
22,2024,Louisiana,22,22,0,.090909094,.36363637
23,2000,Maine,9,9,0,.11111111,0
23,2001,Maine,9,9,0,.11111111,0
23,2002,Maine,13,13,0,.15384616,0
23,2003,Maine,11,11,0,.18181819,0
23,2004,Maine,13,13,.07692308,.23076923,0
23,2005,Maine,4,4,0,0,0
23,2006,Maine,7,7,0,0,0
23,2007,Maine,8,8,0,0,0
23,2008,Maine,9,9,0,0,0
23,2009,Maine,9,9,0,0,0
23,2010,Maine,4,4,0,0,0
23,2011,Maine,10,10,0,0,0
23,2012,Maine,9,9,0,.22222222,0
23,2013,Maine,3,3,0,0,0
23,2014,Maine,4,4,0,0,0
23,2015,Maine,4,4,.25,.25,.25
23,2016,Maine,3,3,0,0,0
23,2017,Maine,8,8,0,0,0
23,2018,Maine,9,9,.11111111,.22222222,0
23,2019,Maine,10,10,0,0,0
23,2020,Maine,7,7,0,0,0
23,2021,Maine,4,4,.25,0,0
23,2022,Maine,11,11,0,.090909094,.18181819
23,2023,Maine,6,6,0,.33333334,0
23,2024,Maine,4,4,0,0,.25
24,2000,Maryland,27,27,0,.11111111,0
24,2001,Maryland,29,29,0,.13793103,0
24,2002,Maryland,39,39,0,.12820514,0
24,2003,Maryland,33,33,0,.030303031,0
24,2004,Maryland,29,29,0,.10344828,0
24,2005,Maryland,27,27,0,.11111111,.074074075
24,2006,Maryland,31,31,0,.19354838,.096774191
24,2007,Maryland,23,23,0,.17391305,.043478262
24,2008,Maryland,20,20,.050000001,.1,0
24,2009,Maryland,24,24,0,.20833333,.041666668
24,2010,Maryland,11,11,0,0,0
24,2011,Maryland,23,23,0,.086956523,0
24,2012,Maryland,26,26,0,.07692308,0
24,2013,Maryland,10,10,0,.1,0
24,2014,Maryland,12,12,0,0,0
24,2015,Maryland,18,18,0,.055555556,.11111111
24,2016,Maryland,25,25,0,0,0
24,2017,Maryland,23,23,0,.043478262,.086956523
24,2018,Maryland,26,26,0,.07692308,.07692308
24,2019,Maryland,20,20,0,.050000001,.050000001
24,2020,Maryland,31,31,0,.22580644,.032258064
24,2021,Maryland,15,15,0,.06666667,0
24,2022,Maryland,29,29,0,.10344828,.10344828
24,2023,Maryland,29,29,0,.034482758,.10344828
24,2024,Maryland,26,26,0,.11538462,.11538462
25,2000,Massachusetts,17,17,0,0,0
25,2001,Massachusetts,42,42,0,.047619049,0
25,2002,Massachusetts,37,37,0,0,0
25,2003,Massachusetts,25,25,0,0,0
25,2004,Massachusetts,35,35,0,.085714288,0
25,2005,Massachusetts,20,20,0,.1,0
25,2006,Massachusetts,15,15,0,.06666667,0
25,2007,Massachusetts,18,18,0,.055555556,0
25,2008,Massachusetts,18,18,.055555556,.055555556,.055555556
25,2009,Massachusetts,10,10,.1,.1,.1
25,2010,Massachusetts,16,16,.0625,.0625,0
25,2011,Massachusetts,16,16,.0625,0,0
25,2012,Massachusetts,15,15,.2,.06666667,.13333334
25,2013,Massachusetts,12,12,.083333336,.083333336,.083333336
25,2014,Massachusetts,17,17,.11764706,.05882353,0
25,2015,Massachusetts,11,11,.090909094,0,.18181819
25,2016,Massachusetts,13,13,.23076923,0,.23076923
25,2017,Massachusetts,9,9,.22222222,.22222222,.33333334
25,2018,Massachusetts,12,12,.16666667,.16666667,.25
25,2019,Massachusetts,14,14,.21428572,0,.14285715
25,2020,Massachusetts,16,16,.25,.0625,.1875
25,2021,Massachusetts,17,17,.17647059,0,.17647059
25,2022,Massachusetts,24,24,0,0,.25
25,2023,Massachusetts,11,11,0,0,.36363637
25,2024,Massachusetts,16,16,0,.0625,.625
26,2000,Michigan,145,145,.013793103,.096551724,.0068965517
26,2001,Michigan,96,96,.020833334,.13541667,.010416667
26,2002,Michigan,76,76,.02631579,.10526316,.02631579
26,2003,Michigan,82,82,.036585364,.12195122,0
26,2004,Michigan,55,55,0,.090909094,.018181818
26,2005,Michigan,46,46,.021739131,.065217391,.021739131
26,2006,Michigan,45,45,.022222223,.088888891,0
26,2007,Michigan,43,43,0,.11627907,0
26,2008,Michigan,40,40,.025,.025,0
26,2009,Michigan,36,36,.027777778,.1388889,.083333336
26,2010,Michigan,31,31,.096774191,.12903225,0
26,2011,Michigan,31,31,.032258064,.096774191,.064516127
26,2012,Michigan,39,39,.1025641,.17948718,0
26,2013,Michigan,34,34,0,.14705883,0
26,2014,Michigan,26,26,.03846154,.15384616,0
26,2015,Michigan,39,39,0,.07692308,.025641026
26,2016,Michigan,34,34,.05882353,.05882353,0
26,2017,Michigan,39,39,.07692308,.12820514,0
26,2018,Michigan,39,39,.025641026,.051282052,.07692308
26,2019,Michigan,43,43,.046511628,.093023255,.023255814
26,2020,Michigan,38,38,.078947365,.13157895,.052631579
26,2021,Michigan,52,52,.057692308,.096153848,.01923077
26,2022,Michigan,37,37,0,.054054055,.10810811
26,2023,Michigan,54,54,0,.11111111,.11111111
26,2024,Michigan,42,42,0,.023809524,.047619049
27,2000,Minnesota,49,49,.020408163,.040816326,0
27,2001,Minnesota,29,29,0,.10344828,0
27,2002,Minnesota,68,68,.029411765,.11764706,0
27,2003,Minnesota,51,51,0,.098039217,0
27,2004,Minnesota,46,46,.065217391,.086956523,0
27,2005,Minnesota,36,36,0,.027777778,0
27,2006,Minnesota,19,19,0,.052631579,0
27,2007,Minnesota,22,22,0,.18181819,0
27,2008,Minnesota,17,17,0,0,0
27,2009,Minnesota,17,17,0,0,0
27,2010,Minnesota,24,24,.041666668,.083333336,.041666668
27,2011,Minnesota,9,9,0,.22222222,0
27,2012,Minnesota,8,8,0,.375,0
27,2013,Minnesota,21,21,.047619049,.095238097,.047619049
27,2014,Minnesota,15,15,0,0,0
27,2015,Minnesota,17,17,.23529412,.11764706,.11764706
27,2016,Minnesota,14,14,.071428575,0,.071428575
27,2017,Minnesota,20,20,0,.050000001,0
27,2018,Minnesota,19,19,.052631579,.10526316,0
27,2019,Minnesota,17,17,.11764706,.17647059,.05882353
27,2020,Minnesota,16,16,.0625,0,.0625
27,2021,Minnesota,24,24,.041666668,.125,.041666668
27,2022,Minnesota,11,11,0,.090909094,.090909094
27,2023,Minnesota,5,5,0,0,0
27,2024,Minnesota,23,23,0,.17391305,.086956523
28,2000,Mississippi,66,66,0,.10606061,0
28,2001,Mississippi,47,47,.04255319,.14893617,0
28,2002,Mississippi,46,46,.021739131,.10869565,0
28,2003,Mississippi,41,41,0,.12195122,0
28,2004,Mississippi,35,35,0,.11428571,0
28,2005,Mississippi,61,61,.016393442,.18032786,0
28,2006,Mississippi,57,57,0,.14035088,0
28,2007,Mississippi,49,49,0,.1632653,0
28,2008,Mississippi,31,31,0,.064516127,0
28,2009,Mississippi,21,21,0,.047619049,0
28,2010,Mississippi,30,30,0,.033333335,0
28,2011,Mississippi,17,17,0,.11764706,0
28,2012,Mississippi,14,14,0,.14285715,0
28,2013,Mississippi,18,18,.055555556,.055555556,0
28,2014,Mississippi,22,22,0,.045454547,0
28,2015,Mississippi,24,24,0,.083333336,0
28,2016,Mississippi,34,34,0,0,.05882353
28,2017,Mississippi,30,30,.033333335,.033333335,.033333335
28,2018,Mississippi,14,14,.14285715,.071428575,.14285715
28,2019,Mississippi,26,26,0,.07692308,0
28,2020,Mississippi,36,36,0,.055555556,.055555556
28,2021,Mississippi,35,35,0,.057142857,0
28,2022,Mississippi,28,28,0,.035714287,0
28,2023,Mississippi,29,29,0,.10344828,0
28,2024,Mississippi,36,36,0,0,.027777778
29,2000,Missouri,52,52,0,.057692308,0
29,2001,Missouri,46,46,.021739131,.17391305,.021739131
29,2002,Missouri,79,79,0,.10126583,.025316456
29,2003,Missouri,88,88,.03409091,.14772727,.03409091
29,2004,Missouri,53,53,.03773585,.094339624,.03773585
29,2005,Missouri,111,111,.036036037,.081081077,0
29,2006,Missouri,46,46,0,.13043478,.043478262
29,2007,Missouri,44,44,.022727273,.11363637,.06818182
29,2008,Missouri,44,44,.090909094,.22727273,.06818182
29,2009,Missouri,25,25,.039999999,.2,.039999999
29,2010,Missouri,27,27,.074074075,.14814815,.037037037
29,2011,Missouri,22,22,.090909094,.18181819,.045454547
29,2012,Missouri,36,36,.055555556,.083333336,.027777778
29,2013,Missouri,19,19,0,.10526316,0
29,2014,Missouri,22,22,.045454547,0,.045454547
29,2015,Missouri,41,41,.12195122,.2682927,.12195122
29,2016,Missouri,33,33,.090909094,.090909094,.060606062
29,2017,Missouri,43,43,.046511628,.069767445,.046511628
29,2018,Missouri,36,36,.083333336,.055555556,.055555556
29,2019,Missouri,41,41,.097560972,.12195122,.073170729
29,2020,Missouri,41,41,.14634146,.24390244,.19512194
29,2021,Missouri,48,48,.041666668,.125,.0625
29,2022,Missouri,55,55,0,.14545454,.21818182
29,2023,Missouri,38,38,0,.078947365,.31578946
29,2024,Missouri,37,37,0,.13513513,.13513513
30,2000,Montana,8,8,0,.125,0
30,2001,Montana,11,11,0,.36363637,0
30,2002,Montana,13,13,.23076923,.15384616,0
30,2003,Montana,11,11,.18181819,.090909094,.18181819
30,2004,Montana,11,11,.090909094,.45454547,.090909094
30,2005,Montana,9,9,.11111111,.44444445,0
30,2006,Montana,13,13,.07692308,.15384616,0
30,2007,Montana,34,34,.029411765,.20588236,0
30,2008,Montana,15,15,0,.33333334,.06666667
30,2009,Montana,9,9,0,.11111111,.11111111
30,2010,Montana,4,4,.5,1,0
30,2011,Montana,8,8,0,.25,0
30,2012,Montana,8,8,.125,.25,0
30,2013,Montana,11,11,.090909094,.54545456,.090909094
30,2014,Montana,3,3,.66666669,0,.33333334
30,2015,Montana,14,14,.21428572,.14285715,.071428575
30,2016,Montana,5,5,.2,.60000002,.2
30,2017,Montana,7,7,0,.14285715,0
30,2018,Montana,7,7,.14285715,.14285715,.2857143
30,2019,Montana,3,3,0,.33333334,0
30,2020,Montana,9,9,0,.22222222,.33333334
30,2021,Montana,12,12,.16666667,.16666667,0
30,2022,Montana,10,10,0,.1,.30000001
30,2023,Montana,6,6,0,.33333334,0
30,2024,Montana,9,9,0,.66666669,.44444445
31,2000,Nebraska,24,24,.041666668,.083333336,0
31,2001,Nebraska,11,11,0,0,0
31,2002,Nebraska,38,38,0,.18421052,0
31,2003,Nebraska,19,19,0,.10526316,0
31,2004,Nebraska,7,7,0,0,0
31,2005,Nebraska,17,17,0,0,0
31,2006,Nebraska,12,12,0,.33333334,0
31,2007,Nebraska,6,6,0,.16666667,0
31,2008,Nebraska,11,11,0,0,0
31,2009,Nebraska,9,9,.11111111,.11111111,0
31,2010,Nebraska,6,6,.16666667,.16666667,.16666667
31,2011,Nebraska,6,6,0,0,0
31,2012,Nebraska,6,6,0,.16666667,0
31,2013,Nebraska,7,7,0,0,0
31,2014,Nebraska,11,11,0,.090909094,0
31,2015,Nebraska,6,6,0,.16666667,0
31,2016,Nebraska,8,8,0,.25,.25
31,2017,Nebraska,6,6,.33333334,.33333334,.16666667
31,2018,Nebraska,7,7,0,0,0
31,2019,Nebraska,7,7,0,0,0
31,2020,Nebraska,13,13,.07692308,.15384616,.07692308
31,2021,Nebraska,5,5,0,0,0
31,2022,Nebraska,10,10,0,.1,.1
31,2023,Nebraska,12,12,0,.083333336,0
31,2024,Nebraska,8,8,0,0,.125
32,2000,Nevada,11,11,0,.090909094,.090909094
32,2001,Nevada,15,15,.06666667,.13333334,.06666667
32,2002,Nevada,23,23,0,.086956523,.043478262
32,2003,Nevada,20,20,.1,.15000001,.1
32,2004,Nevada,13,13,0,.15384616,.07692308
32,2005,Nevada,31,31,.064516127,.064516127,.064516127
32,2006,Nevada,35,35,.085714288,.085714288,.057142857
32,2007,Nevada,22,22,.090909094,.27272728,0
32,2008,Nevada,14,14,.14285715,.2857143,.14285715
32,2009,Nevada,9,9,0,.33333334,0
32,2010,Nevada,9,9,0,.22222222,.11111111
32,2011,Nevada,9,9,0,.11111111,0
32,2012,Nevada,10,10,0,0,.1
32,2013,Nevada,11,11,.090909094,.18181819,0
32,2014,Nevada,11,11,.090909094,.090909094,0
32,2015,Nevada,13,13,.07692308,.23076923,.15384616
32,2016,Nevada,11,11,0,0,0
32,2017,Nevada,13,13,0,.07692308,.07692308
32,2018,Nevada,4,4,0,0,.25
32,2019,Nevada,13,13,.07692308,.23076923,.07692308
32,2020,Nevada,12,12,.083333336,0,.16666667
32,2021,Nevada,12,12,.083333336,.16666667,.16666667
32,2022,Nevada,27,27,0,.14814815,.22222222
32,2023,Nevada,16,16,0,.1875,.1875
32,2024,Nevada,27,27,0,0,.14814815
33,2000,New Hampshire,5,5,0,.2,0
33,2001,New Hampshire,6,6,0,0,.16666667
33,2002,New Hampshire,7,7,0,0,0
33,2003,New Hampshire,7,7,.14285715,.14285715,.14285715
33,2004,New Hampshire,25,25,.2,.079999998,.16
33,2005,New Hampshire,11,11,.090909094,0,.090909094
33,2006,New Hampshire,7,7,.14285715,.14285715,0
33,2007,New Hampshire,10,10,.1,.2,.1
33,2008,New Hampshire,8,8,0,.25,0
33,2009,New Hampshire,6,6,.16666667,0,.33333334
33,2010,New Hampshire,9,9,.11111111,.33333334,0
33,2011,New Hampshire,4,4,0,0,0
33,2012,New Hampshire,3,3,0,0,.33333334
33,2013,New Hampshire,1,1,0,0,0
33,2014,New Hampshire,3,3,.33333334,0,0
33,2015,New Hampshire,3,3,.33333334,.33333334,0
33,2016,New Hampshire,6,6,0,.16666667,.16666667
33,2017,New Hampshire,3,3,.33333334,.33333334,0
33,2018,New Hampshire,8,8,0,.125,0
33,2019,New Hampshire,4,4,.25,0,.25
33,2020,New Hampshire,3,3,.33333334,0,0
33,2021,New Hampshire,3,3,.66666669,0,0
33,2022,New Hampshire,9,9,0,.11111111,.22222222
33,2023,New Hampshire,5,5,0,.2,0
33,2024,New Hampshire,2,2,0,0,0
34,2000,New Jersey,45,45,0,.044444446,.2888889
34,2001,New Jersey,34,34,0,.088235296,.38235295
34,2002,New Jersey,48,48,.020833334,.041666668,.39583334
34,2003,New Jersey,39,39,.025641026,.07692308,.2820513
34,2004,New Jersey,44,44,0,.045454547,.022727273
34,2005,New Jersey,41,41,.024390243,.048780486,.31707317
34,2006,New Jersey,56,56,.017857144,.035714287,.17857143
34,2007,New Jersey,30,30,.06666667,.06666667,.26666668
34,2008,New Jersey,26,26,0,.03846154,.23076923
34,2009,New Jersey,22,22,.090909094,.27272728,.045454547
34,2010,New Jersey,16,16,.0625,.1875,.0625
34,2011,New Jersey,36,36,.027777778,.1388889,.083333336
34,2012,New Jersey,21,21,0,.19047619,0
34,2013,New Jersey,14,14,.21428572,.21428572,.21428572
34,2014,New Jersey,29,29,.034482758,.27586207,.034482758
34,2015,New Jersey,16,16,.125,.1875,.125
34,2016,New Jersey,24,24,.083333336,.083333336,.041666668
34,2017,New Jersey,25,25,.12,.079999998,.16
34,2018,New Jersey,18,18,0,.11111111,0
34,2019,New Jersey,24,24,.041666668,.25,.16666667
34,2020,New Jersey,25,25,.079999998,.23999999,.23999999
34,2021,New Jersey,19,19,.052631579,.10526316,.2631579
34,2022,New Jersey,45,45,0,.17777778,.15555556
34,2023,New Jersey,22,22,0,.045454547,.45454547
34,2024,New Jersey,35,35,0,.17142858,.2857143
35,2000,New Mexico,19,19,.052631579,.10526316,.052631579
35,2001,New Mexico,32,32,.03125,.25,.0625
35,2002,New Mexico,26,26,0,.1923077,0
35,2003,New Mexico,16,16,0,0,0
35,2004,New Mexico,56,56,0,.14285715,0
35,2005,New Mexico,20,20,0,.050000001,0
35,2006,New Mexico,27,27,0,.11111111,0
35,2007,New Mexico,15,15,0,.2,0
35,2008,New Mexico,8,8,0,.125,0
35,2009,New Mexico,15,15,.06666667,.2,0
35,2010,New Mexico,11,11,0,.27272728,0
35,2011,New Mexico,18,18,.055555556,.16666667,0
35,2012,New Mexico,17,17,.11764706,.35294119,.11764706
35,2013,New Mexico,11,11,0,.18181819,0
35,2014,New Mexico,16,16,0,0,0
35,2015,New Mexico,14,14,0,.071428575,.071428575
35,2016,New Mexico,12,12,0,0,0
35,2017,New Mexico,19,19,.052631579,.10526316,.052631579
35,2018,New Mexico,17,17,.05882353,.23529412,.11764706
35,2019,New Mexico,13,13,.07692308,0,.07692308
35,2020,New Mexico,18,18,.11111111,.16666667,.22222222
35,2021,New Mexico,12,12,.16666667,0,.25
35,2022,New Mexico,23,23,0,0,.30434781
35,2023,New Mexico,10,10,0,.1,0
35,2024,New Mexico,12,12,0,.083333336,0
36,2000,New York,87,87,.011494253,.057471264,.022988506
36,2001,New York,131,131,.022900764,.061068702,.030534351
36,2002,New York,100,100,0,.12,0
36,2003,New York,71,71,.014084507,.028169014,.014084507
36,2004,New York,86,86,.011627907,.011627907,.011627907
36,2005,New York,74,74,0,.027027028,.013513514
36,2006,New York,81,81,.037037037,.012345679,.18518518
36,2007,New York,68,68,.05882353,.088235296,.044117648
36,2008,New York,45,45,.06666667,.044444446,.06666667
36,2009,New York,41,41,.073170729,.12195122,.19512194
36,2010,New York,45,45,.044444446,.06666667,.044444446
36,2011,New York,41,41,.024390243,.073170729,.024390243
36,2012,New York,53,53,.094339624,.056603774,.056603774
36,2013,New York,49,49,.040816326,.020408163,.040816326
36,2014,New York,40,40,0,.050000001,0
36,2015,New York,43,43,.023255814,0,.023255814
36,2016,New York,45,45,.022222223,0,0
36,2017,New York,45,45,.088888891,0,.088888891
36,2018,New York,40,40,.075000003,.025,.1
36,2019,New York,31,31,.064516127,0,.064516127
36,2020,New York,47,47,.08510638,0,.021276595
36,2021,New York,48,48,.0625,.1875,.10416666
36,2022,New York,64,64,0,.046875,.15625
36,2023,New York,31,31,0,0,.29032257
36,2024,New York,42,42,0,.071428575,.095238097
37,2000,North Carolina,76,76,0,.078947365,0
37,2001,North Carolina,79,79,0,.10126583,0
37,2002,North Carolina,69,69,0,.043478262,.028985508
37,2003,North Carolina,63,63,0,.031746034,.015873017
37,2004,North Carolina,58,58,0,.05172414,0
37,2005,North Carolina,74,74,0,.067567565,0
37,2006,North Carolina,67,67,0,.074626863,0
37,2007,North Carolina,82,82,0,.048780486,0
37,2008,North Carolina,50,50,0,.1,0
37,2009,North Carolina,47,47,0,.04255319,0
37,2010,North Carolina,53,53,0,.1509434,.018867925
37,2011,North Carolina,41,41,0,.12195122,0
37,2012,North Carolina,46,46,0,.13043478,0
37,2013,North Carolina,46,46,0,.065217391,0
37,2014,North Carolina,65,65,0,.13846155,0
37,2015,North Carolina,49,49,0,.14285715,0
37,2016,North Carolina,64,64,0,.140625,.015625
37,2017,North Carolina,52,52,0,.11538462,0
37,2018,North Carolina,50,50,0,.18000001,0
37,2019,North Carolina,43,43,0,.13953489,0
37,2020,North Carolina,63,63,0,.20634921,0
37,2021,North Carolina,102,102,0,.14705883,.0098039219
37,2022,North Carolina,79,79,0,.1392405,0
37,2023,North Carolina,70,70,0,.12857144,0
37,2024,North Carolina,99,99,0,.11111111,0
38,2000,North Dakota,2,2,0,0,0
38,2001,North Dakota,2,2,0,0,0
38,2002,North Dakota,3,3,0,.66666669,0
38,2003,North Dakota,5,5,0,.40000001,0
38,2004,North Dakota,3,3,0,.66666669,0
38,2005,North Dakota,4,4,0,.25,0
38,2006,North Dakota,4,4,0,0,0
38,2007,North Dakota,3,3,0,.33333334,0
38,2008,North Dakota,4,4,.25,.25,.25
38,2009,North Dakota,9,9,.11111111,.11111111,.22222222
38,2010,North Dakota,8,8,0,0,0
38,2011,North Dakota,11,11,0,.18181819,0
38,2012,North Dakota,24,24,0,.16666667,.041666668
38,2013,North Dakota,9,9,0,.11111111,.11111111
38,2014,North Dakota,10,10,.1,.30000001,.2
38,2015,North Dakota,10,10,0,0,0
38,2016,North Dakota,3,3,.33333334,0,.33333334
38,2017,North Dakota,4,4,0,.25,0
38,2018,North Dakota,1,1,0,0,0
38,2019,North Dakota,8,8,0,0,0
38,2020,North Dakota,4,4,0,0,0
38,2021,North Dakota,2,2,0,0,0
38,2022,North Dakota,6,6,0,.5,.5
38,2023,North Dakota,5,5,0,0,.60000002
38,2024,North Dakota,3,3,0,0,0
39,2000,Ohio,71,71,.04225352,.04225352,.028169014
39,2001,Ohio,72,72,.027777778,.11111111,.027777778
39,2002,Ohio,95,95,.031578947,.14736842,.010526316
39,2003,Ohio,53,53,.03773585,.075471699,.056603774
39,2004,Ohio,54,54,.055555556,.055555556,0
39,2005,Ohio,60,60,.1,.13333334,.050000001
39,2006,Ohio,52,52,.01923077,.17307693,.03846154
39,2007,Ohio,40,40,0,.1,.025
39,2008,Ohio,43,43,.046511628,.1627907,.023255814
39,2009,Ohio,38,38,.078947365,.078947365,.02631579
39,2010,Ohio,48,48,.041666668,.20833333,.041666668
39,2011,Ohio,37,37,.13513513,.10810811,.054054055
39,2012,Ohio,43,43,.046511628,.093023255,0
39,2013,Ohio,32,32,.09375,.15625,.09375
39,2014,Ohio,41,41,.048780486,.14634146,.073170729
39,2015,Ohio,41,41,.17073171,.097560972,.048780486
39,2016,Ohio,46,46,.10869565,.10869565,.043478262
39,2017,Ohio,56,56,.10714286,.071428575,.053571429
39,2018,Ohio,39,39,.025641026,.1025641,.07692308
39,2019,Ohio,44,44,.06818182,0,.22727273
39,2020,Ohio,56,56,.26785713,.10714286,.26785713
39,2021,Ohio,91,91,.15384616,.054945055,.20879121
39,2022,Ohio,51,51,0,.098039217,.23529412
39,2023,Ohio,49,49,0,.040816326,.2857143
39,2024,Ohio,55,55,0,.12727273,.21818182
40,2000,Oklahoma,28,28,0,.035714287,0
40,2001,Oklahoma,30,30,0,.16666667,0
40,2002,Oklahoma,36,36,0,.11111111,0
40,2003,Oklahoma,20,20,0,.050000001,0
40,2004,Oklahoma,41,41,0,.024390243,0
40,2005,Oklahoma,61,61,0,.081967212,0
40,2006,Oklahoma,32,32,0,.125,0
40,2007,Oklahoma,30,30,0,.13333334,.033333335
40,2008,Oklahoma,23,23,0,.086956523,0
40,2009,Oklahoma,28,28,0,.071428575,0
40,2010,Oklahoma,21,21,0,.14285715,.047619049
40,2011,Oklahoma,20,20,0,.050000001,0
40,2012,Oklahoma,27,27,0,.037037037,.037037037
40,2013,Oklahoma,23,23,0,.086956523,0
40,2014,Oklahoma,28,28,0,0,0
40,2015,Oklahoma,17,17,.05882353,.05882353,.05882353
40,2016,Oklahoma,21,21,0,.047619049,.095238097
40,2017,Oklahoma,21,21,0,.047619049,.047619049
40,2018,Oklahoma,21,21,.095238097,.047619049,.23809524
40,2019,Oklahoma,34,34,.05882353,0,.088235296
40,2020,Oklahoma,18,18,.055555556,.11111111,.11111111
40,2021,Oklahoma,38,38,.15789473,.078947365,.10526316
40,2022,Oklahoma,46,46,0,.086956523,.13043478
40,2023,Oklahoma,26,26,0,.11538462,.11538462
40,2024,Oklahoma,26,26,0,.03846154,.07692308
41,2000,Oregon,23,23,.043478262,.17391305,0
41,2001,Oregon,22,22,0,.045454547,.045454547
41,2002,Oregon,9,9,0,.22222222,0
41,2003,Oregon,16,16,0,.125,0
41,2004,Oregon,20,20,0,.1,0
41,2005,Oregon,23,23,0,.043478262,0
41,2006,Oregon,18,18,0,.16666667,0
41,2007,Oregon,25,25,0,.16,0
41,2008,Oregon,24,24,.041666668,.041666668,0
41,2009,Oregon,14,14,0,0,.071428575
41,2010,Oregon,18,18,.055555556,.22222222,.055555556
41,2011,Oregon,14,14,0,.071428575,0
41,2012,Oregon,6,6,0,.16666667,.16666667
41,2013,Oregon,18,18,0,.16666667,.11111111
41,2014,Oregon,13,13,0,.07692308,0
41,2015,Oregon,19,19,.052631579,.15789473,.052631579
41,2016,Oregon,24,24,0,.125,0
41,2017,Oregon,11,11,0,.18181819,0
41,2018,Oregon,21,21,.095238097,.047619049,.14285715
41,2019,Oregon,20,20,.050000001,.050000001,.2
41,2020,Oregon,29,29,.068965517,.034482758,.20689656
41,2021,Oregon,46,46,.28260869,.086956523,.28260869
41,2022,Oregon,71,71,0,.11267605,.30985916
41,2023,Oregon,57,57,0,.14035088,.40350878
41,2024,Oregon,37,37,0,.16216215,.51351351
42,2000,Pennsylvania,63,63,0,.031746034,0
42,2001,Pennsylvania,68,68,0,.073529415,0
42,2002,Pennsylvania,96,96,0,.072916664,.010416667
42,2003,Pennsylvania,112,112,.0089285718,.098214284,0
42,2004,Pennsylvania,61,61,.032786883,.14754099,.032786883
42,2005,Pennsylvania,140,140,0,.14285715,.0071428572
42,2006,Pennsylvania,93,93,.021505376,.17204301,.043010753
42,2007,Pennsylvania,86,86,.023255814,.15116279,.023255814
42,2008,Pennsylvania,59,59,0,.25423729,0
42,2009,Pennsylvania,44,44,0,.11363637,0
42,2010,Pennsylvania,50,50,.039999999,.1,0
42,2011,Pennsylvania,44,44,.022727273,.20454545,0
42,2012,Pennsylvania,51,51,.019607844,.078431375,.019607844
42,2013,Pennsylvania,42,42,.023809524,.14285715,.023809524
42,2014,Pennsylvania,41,41,0,.048780486,0
42,2015,Pennsylvania,43,43,.046511628,.093023255,0
42,2016,Pennsylvania,56,56,.017857144,.16071428,.017857144
42,2017,Pennsylvania,50,50,.079999998,.14,.079999998
42,2018,Pennsylvania,44,44,.022727273,.06818182,0
42,2019,Pennsylvania,41,41,.073170729,.12195122,.073170729
42,2020,Pennsylvania,43,43,.023255814,.18604651,.069767445
42,2021,Pennsylvania,40,40,0,.075000003,.050000001
42,2022,Pennsylvania,44,44,0,.06818182,.06818182
42,2023,Pennsylvania,45,45,0,.06666667,.13333334
42,2024,Pennsylvania,42,42,0,.19047619,.047619049
44,2000,Rhode Island,4,4,0,0,.25
44,2001,Rhode Island,5,5,0,0,.2
44,2002,Rhode Island,8,8,0,.375,.125
44,2003,Rhode Island,18,18,0,.055555556,.11111111
44,2004,Rhode Island,5,5,0,0,.2
44,2005,Rhode Island,8,8,0,0,.125
44,2006,Rhode Island,5,5,0,.2,.2
44,2007,Rhode Island,4,4,0,.25,.25
44,2008,Rhode Island,1,1,0,1,0
44,2009,Rhode Island,3,3,0,.33333334,0
44,2010,Rhode Island,6,6,0,.16666667,0
44,2011,Rhode Island,3,3,0,0,0
44,2012,Rhode Island,3,3,.33333334,0,0
44,2013,Rhode Island,1,1,1,1,0
44,2015,Rhode Island,3,3,0,0,0
44,2016,Rhode Island,1,1,0,1,0
44,2017,Rhode Island,1,1,0,0,0
44,2018,Rhode Island,4,4,.25,.25,0
44,2019,Rhode Island,1,1,0,1,0
44,2020,Rhode Island,4,4,0,.25,0
44,2021,Rhode Island,1,1,0,0,0
44,2022,Rhode Island,2,2,0,.5,0
44,2023,Rhode Island,2,2,0,0,1
44,2024,Rhode Island,3,3,0,0,0
45,2000,South Carolina,41,41,0,.17073171,.048780486
45,2001,South Carolina,40,40,0,.32499999,.025
45,2002,South Carolina,43,43,0,.13953489,0
45,2003,South Carolina,42,42,0,.071428575,0
45,2004,South Carolina,45,45,.022222223,.088888891,.022222223
45,2005,South Carolina,52,52,0,.057692308,0
45,2006,South Carolina,46,46,.021739131,.23913044,.043478262
45,2007,South Carolina,46,46,.065217391,.2173913,.021739131
45,2008,South Carolina,30,30,.1,.16666667,.033333335
45,2009,South Carolina,37,37,.027027028,.081081077,0
45,2010,South Carolina,25,25,.039999999,.16,0
45,2011,South Carolina,34,34,.029411765,.088235296,0
45,2012,South Carolina,34,34,.11764706,.17647059,.029411765
45,2013,South Carolina,22,22,.090909094,.13636364,.090909094
45,2014,South Carolina,34,34,.11764706,.14705883,.11764706
45,2015,South Carolina,43,43,.069767445,.046511628,.069767445
45,2016,South Carolina,38,38,.10526316,.28947368,.052631579
45,2017,South Carolina,46,46,.065217391,.15217391,.065217391
45,2018,South Carolina,42,42,.023809524,.11904762,.023809524
45,2019,South Carolina,42,42,.023809524,.095238097,.047619049
45,2020,South Carolina,47,47,.10638298,.063829787,.063829787
45,2021,South Carolina,138,138,.036231883,.14492753,.021739131
45,2022,South Carolina,63,63,0,.19047619,.047619049
45,2023,South Carolina,34,34,0,.14705883,0
45,2024,South Carolina,54,54,0,.14814815,0
46,2000,South Dakota,12,12,0,.16666667,0
46,2001,South Dakota,11,11,0,.18181819,0
46,2002,South Dakota,4,4,0,.5,0
46,2003,South Dakota,14,14,0,.2857143,0
46,2004,South Dakota,9,9,0,.33333334,0
46,2005,South Dakota,10,10,.1,.40000001,0
46,2006,South Dakota,17,17,0,.17647059,0
46,2007,South Dakota,7,7,0,.2857143,.14285715
46,2008,South Dakota,3,3,0,0,0
46,2009,South Dakota,5,5,0,0,0
46,2010,South Dakota,7,7,0,0,0
46,2011,South Dakota,7,7,0,.14285715,0
46,2012,South Dakota,7,7,0,.42857143,0
46,2013,South Dakota,8,8,0,.5,0
46,2014,South Dakota,3,3,0,.33333334,0
46,2015,South Dakota,5,5,0,0,0
46,2016,South Dakota,4,4,0,.25,0
46,2017,South Dakota,4,4,0,0,0
46,2018,South Dakota,2,2,0,0,0
46,2019,South Dakota,3,3,0,.33333334,0
46,2020,South Dakota,6,6,.16666667,.5,.16666667
46,2021,South Dakota,5,5,0,.2,0
46,2022,South Dakota,3,3,0,0,0
46,2023,South Dakota,10,10,0,.40000001,.5
46,2024,South Dakota,7,7,0,0,.2857143
47,2000,Tennessee,43,43,0,.093023255,.046511628
47,2001,Tennessee,50,50,0,.12,.02
47,2002,Tennessee,48,48,.020833334,.1875,.020833334
47,2003,Tennessee,58,58,.017241379,.086206898,.017241379
47,2004,Tennessee,57,57,.01754386,.12280702,0
47,2005,Tennessee,57,57,.01754386,.070175439,.01754386
47,2006,Tennessee,54,54,0,.074074075,0
47,2007,Tennessee,58,58,0,.086206898,0
47,2008,Tennessee,38,38,.02631579,.13157895,0
47,2009,Tennessee,28,28,.035714287,.17857143,0
47,2010,Tennessee,37,37,0,.16216215,.054054055
47,2011,Tennessee,31,31,.12903225,.16129032,.096774191
47,2012,Tennessee,44,44,.045454547,.090909094,.090909094
47,2013,Tennessee,33,33,.060606062,.15151516,.060606062
47,2014,Tennessee,33,33,.15151516,.12121212,.090909094
47,2015,Tennessee,39,39,.07692308,.1025641,.15384616
47,2016,Tennessee,47,47,.063829787,.10638298,.19148937
47,2017,Tennessee,55,55,.036363635,.07272727,.10909091
47,2018,Tennessee,37,37,.054054055,.10810811,.054054055
47,2019,Tennessee,43,43,.069767445,.093023255,0
47,2020,Tennessee,64,64,.078125,.109375,.046875
47,2021,Tennessee,83,83,.072289154,.12048193,.072289154
47,2022,Tennessee,94,94,0,.19148937,.17021276
47,2023,Tennessee,101,101,0,.13861386,.24752475
47,2024,Tennessee,56,56,0,.125,.23214285
48,2000,Texas,161,161,.0062111802,.0931677,.01242236
48,2001,Texas,158,158,.012658228,.088607594,.012658228
48,2002,Texas,147,147,0,.081632651,.0068027209
48,2003,Texas,150,150,.0066666668,.13333334,0
48,2004,Texas,133,133,0,.082706764,.015037594
48,2005,Texas,125,125,0,.071999997,0
48,2006,Texas,121,121,.0082644625,.090909094,0
48,2007,Texas,122,122,.0081967209,.12295082,0
48,2008,Texas,134,134,.014925373,.082089551,.014925373
48,2009,Texas,116,116,.034482758,.13793103,.034482758
48,2010,Texas,116,116,.034482758,.094827585,.060344826
48,2011,Texas,108,108,.046296295,.16666667,.018518519
48,2012,Texas,109,109,.027522936,.11926606,.036697246
48,2013,Texas,115,115,.034782607,.086956523,.026086956
48,2014,Texas,141,141,.014184397,.099290781,.0070921984
48,2015,Texas,129,129,.023255814,.062015504,.062015504
48,2016,Texas,184,184,.016304348,.11413044,.054347824
48,2017,Texas,141,141,.04255319,.070921987,.035460994
48,2018,Texas,142,142,.035211269,.1056338,.035211269
48,2019,Texas,131,131,.061068702,.099236645,.045801528
48,2020,Texas,173,173,.040462427,.11560693,.040462427
48,2021,Texas,400,400,.0275,.12,.039999999
48,2022,Texas,342,342,0,.099415205,.061403509
48,2023,Texas,305,305,0,.10491803,.1442623
48,2024,Texas,256,256,0,.1328125,.08203125
49,2000,Utah,41,41,.024390243,.097560972,.024390243
49,2001,Utah,15,15,0,.2,0
49,2002,Utah,8,8,0,.125,0
49,2003,Utah,15,15,0,0,0
49,2004,Utah,11,11,0,.090909094,0
49,2005,Utah,10,10,0,.1,0
49,2006,Utah,12,12,0,.16666667,0
49,2007,Utah,13,13,0,.07692308,.07692308
49,2008,Utah,11,11,0,0,0
49,2009,Utah,9,9,0,.11111111,0
49,2010,Utah,7,7,0,.14285715,0
49,2011,Utah,11,11,0,.090909094,0
49,2012,Utah,5,5,0,0,0
49,2013,Utah,4,4,0,0,0
49,2014,Utah,7,7,.2857143,0,0
49,2015,Utah,7,7,.14285715,0,.14285715
49,2016,Utah,13,13,.07692308,0,.15384616
49,2017,Utah,13,13,0,.07692308,.07692308
49,2018,Utah,11,11,0,.090909094,.090909094
49,2019,Utah,10,10,0,0,0
49,2020,Utah,7,7,0,0,0
49,2021,Utah,36,36,.1388889,.1388889,.11111111
49,2022,Utah,21,21,0,.14285715,.047619049
49,2023,Utah,16,16,0,.0625,.5
49,2024,Utah,12,12,0,.16666667,.25
50,2000,Vermont,4,4,0,0,0
50,2001,Vermont,10,10,0,.2,0
50,2002,Vermont,2,2,.5,0,0
50,2003,Vermont,2,2,0,0,0
50,2004,Vermont,7,7,0,0,.14285715
50,2005,Vermont,1,1,0,0,0
50,2006,Vermont,5,5,0,.40000001,0
50,2007,Vermont,4,4,0,.25,0
50,2008,Vermont,5,5,.40000001,.2,.2
50,2009,Vermont,5,5,0,.2,0
50,2010,Vermont,2,2,0,.5,0
50,2011,Vermont,4,4,.25,.25,.25
50,2012,Vermont,7,7,0,.14285715,0
50,2013,Vermont,4,4,.25,0,0
50,2014,Vermont,2,2,0,.5,0
50,2015,Vermont,1,1,0,0,0
50,2016,Vermont,2,2,0,.5,0
50,2017,Vermont,2,2,.5,.5,1
50,2018,Vermont,1,1,0,1,0
50,2019,Vermont,2,2,0,0,0
50,2020,Vermont,1,1,0,0,0
50,2021,Vermont,3,3,.33333334,.33333334,0
50,2022,Vermont,3,3,0,.33333334,0
50,2023,Vermont,2,2,0,0,.5
50,2024,Vermont,4,4,0,.25,.75
51,2000,Virginia,33,33,0,.060606062,0
51,2001,Virginia,49,49,0,.1632653,0
51,2002,Virginia,47,47,0,.063829787,0
51,2003,Virginia,29,29,0,.1724138,0
51,2004,Virginia,39,39,0,.1025641,0
51,2005,Virginia,31,31,0,.096774191,0
51,2006,Virginia,42,42,0,.095238097,.45238096
51,2007,Virginia,74,74,.013513514,.16216215,.35135135
51,2008,Virginia,38,38,.02631579,.18421052,.13157895
51,2009,Virginia,37,37,0,.21621622,.13513513
51,2010,Virginia,30,30,0,.1,0
51,2011,Virginia,30,30,.06666667,.033333335,.033333335
51,2012,Virginia,22,22,0,.13636364,0
51,2013,Virginia,39,39,.025641026,.025641026,.025641026
51,2014,Virginia,25,25,.039999999,.079999998,0
51,2015,Virginia,26,26,0,.03846154,0
51,2016,Virginia,21,21,.047619049,.14285715,.19047619
51,2017,Virginia,33,33,.060606062,.090909094,.030303031
51,2018,Virginia,43,43,.046511628,.093023255,.046511628
51,2019,Virginia,32,32,.09375,.03125,.0625
51,2020,Virginia,25,25,0,.23999999,0
51,2021,Virginia,58,58,.086206898,.15517241,.12068965
51,2022,Virginia,84,84,0,.16666667,.19047619
51,2023,Virginia,43,43,0,.11627907,.18604651
51,2024,Virginia,41,41,0,.14634146,.17073171
53,2000,Washington,23,23,.17391305,.086956523,.086956523
53,2001,Washington,29,29,.068965517,.13793103,.1724138
53,2002,Washington,30,30,0,.13333334,.033333335
53,2003,Washington,21,21,.095238097,.047619049,.095238097
53,2004,Washington,16,16,.1875,0,.125
53,2005,Washington,37,37,.054054055,.13513513,.10810811
53,2006,Washington,25,25,.16,.2,.2
53,2007,Washington,16,16,.0625,.125,.0625
53,2008,Washington,22,22,.045454547,.045454547,.090909094
53,2009,Washington,19,19,.15789473,.2631579,.10526316
53,2010,Washington,15,15,0,.13333334,.06666667
53,2011,Washington,24,24,.041666668,.125,.041666668
53,2012,Washington,12,12,0,.083333336,.16666667
53,2013,Washington,18,18,.11111111,.055555556,0
53,2014,Washington,23,23,.043478262,.086956523,.086956523
53,2015,Washington,28,28,.071428575,.071428575,.071428575
53,2016,Washington,23,23,.086956523,.086956523,.13043478
53,2017,Washington,26,26,.07692308,.1923077,.07692308
53,2018,Washington,25,25,0,.039999999,.079999998
53,2019,Washington,18,18,0,.11111111,0
53,2020,Washington,28,28,.035714287,0,.10714286
53,2021,Washington,54,54,.09259259,.055555556,.14814815
53,2022,Washington,83,83,0,.084337346,.24096386
53,2023,Washington,120,120,0,.1,.30833334
53,2024,Washington,54,54,0,.018518519,.33333334
54,2000,West Virginia,21,21,.047619049,.2857143,0
54,2001,West Virginia,19,19,.10526316,.10526316,.052631579
54,2002,West Virginia,29,29,.068965517,.37931034,.034482758
54,2003,West Virginia,21,21,0,.23809524,.047619049
54,2004,West Virginia,30,30,0,.06666667,.033333335
54,2005,West Virginia,15,15,.06666667,.13333334,.13333334
54,2006,West Virginia,30,30,.033333335,.2,.06666667
54,2007,West Virginia,38,38,.02631579,.31578946,.052631579
54,2008,West Virginia,16,16,0,.125,.0625
54,2009,West Virginia,12,12,0,.16666667,0
54,2010,West Virginia,17,17,.11764706,.23529412,.05882353
54,2011,West Virginia,27,27,.037037037,.14814815,.074074075
54,2012,West Virginia,18,18,0,.11111111,.11111111
54,2013,West Virginia,14,14,0,0,.071428575
54,2014,West Virginia,21,21,0,.095238097,0
54,2015,West Virginia,4,4,0,0,0
54,2016,West Virginia,7,7,0,0,.14285715
54,2017,West Virginia,11,11,0,.18181819,0
54,2018,West Virginia,7,7,0,.14285715,.14285715
54,2019,West Virginia,16,16,.0625,0,.125
54,2020,West Virginia,6,6,0,0,.16666667
54,2021,West Virginia,4,4,.25,.25,.25
54,2022,West Virginia,7,7,0,.14285715,.14285715
54,2023,West Virginia,9,9,0,.22222222,.44444445
54,2024,West Virginia,9,9,0,0,0
55,2000,Wisconsin,45,45,.022222223,.15555556,0
55,2001,Wisconsin,44,44,0,.18181819,0
55,2002,Wisconsin,56,56,0,0,0
55,2003,Wisconsin,98,98,0,.12244898,0
55,2004,Wisconsin,55,55,0,.036363635,0
55,2005,Wisconsin,28,28,.035714287,.17857143,.035714287
55,2006,Wisconsin,31,31,0,.22580644,0
55,2007,Wisconsin,43,43,.046511628,.046511628,.069767445
55,2008,Wisconsin,21,21,.095238097,.095238097,.095238097
55,2009,Wisconsin,20,20,0,.1,0
55,2010,Wisconsin,23,23,.086956523,.13043478,.13043478
55,2011,Wisconsin,21,21,.047619049,.047619049,.095238097
55,2012,Wisconsin,19,19,.052631579,.10526316,.052631579
55,2013,Wisconsin,19,19,.052631579,.15789473,0
55,2014,Wisconsin,22,22,0,.045454547,.045454547
55,2015,Wisconsin,25,25,.039999999,.16,.079999998
55,2016,Wisconsin,18,18,.055555556,.11111111,0
55,2017,Wisconsin,22,22,.18181819,.13636364,.18181819
55,2018,Wisconsin,20,20,.15000001,.050000001,.15000001
55,2019,Wisconsin,20,20,.15000001,.050000001,.050000001
55,2020,Wisconsin,24,24,0,.20833333,.041666668
55,2021,Wisconsin,25,25,.039999999,.36000001,.039999999
55,2022,Wisconsin,24,24,0,.041666668,.041666668
55,2023,Wisconsin,17,17,0,.23529412,.17647059
55,2024,Wisconsin,22,22,0,.045454547,.18181819
56,2000,Wyoming,7,7,0,.42857143,0
56,2001,Wyoming,10,10,0,.30000001,0
56,2002,Wyoming,6,6,0,.33333334,0
56,2003,Wyoming,4,4,0,0,0
56,2004,Wyoming,7,7,0,.14285715,0
56,2005,Wyoming,7,7,0,.14285715,0
56,2006,Wyoming,23,23,.043478262,.2173913,.043478262
56,2007,Wyoming,12,12,0,.16666667,0
56,2008,Wyoming,7,7,0,.42857143,.14285715
56,2009,Wyoming,4,4,0,.25,0
56,2010,Wyoming,8,8,.125,.25,0
56,2011,Wyoming,3,3,0,0,0
56,2012,Wyoming,8,8,0,.25,0
56,2013,Wyoming,6,6,0,0,0
56,2014,Wyoming,7,7,0,.14285715,0
56,2015,Wyoming,8,8,.125,.25,.125
56,2016,Wyoming,9,9,.11111111,.33333334,0
56,2017,Wyoming,3,3,.33333334,.33333334,0
56,2018,Wyoming,2,2,0,0,0
56,2019,Wyoming,6,6,0,.33333334,0
56,2020,Wyoming,3,3,.33333334,.33333334,0
56,2021,Wyoming,8,8,0,.125,0
56,2022,Wyoming,4,4,0,.25,.25
56,2023,Wyoming,6,6,0,.33333334,0
56,2024,Wyoming,1,1,0,1,0
